Workbook

Sheet Chi tiết 3 gói Growth Mirror
A2: BREAKDOWN PHÍ 3 GÓI
A4: Gói | B4: Cấu phần | C4: Số lượng | D4: Giá trị đơn vị | E4: Tổng giá trị | F4: Giá bán | G4: Tổng chi phí
A5: CLEAR | B5: Bộ công cụ Habit Formation & EQ Development - Habit Formation (Habit Tracker): 250.000 - EQ Development (Bộ thẻ EQ Buddy): 250.000 | C5: 2 | D5: 250000 | E5: =C5*D5 -> 500000 | F5: =178000*2 -> 356000 | G5: =IF(F5="","",C5*F5) -> 712000
A6: CLEAR | B6: Workshop “Tập thương cảm xúc” - 2 buổi | C6: 2 | D6: 500000 | E6: =C6*D6 -> 1000000 | G6: =IF(F6="","",C6*F6)
A7: CLEAR | B7: Phiên coaching 1:1 “Vững vàng chuyển mình" với Chuyên gia khai vấn - 500h, ICF ACC | C7: 1 | D7: 1000000 | E7: =C7*D7 -> 1000000 | G7: =IF(F7="","",C7*F7)
B8: (*): Giá bán lẻ phiên coaching: 2.200.000 (~$85) (*) Giá bán lẻ phiên tư vấn hướng nghiệp: 1.500.000 | E8: =SUM(E5:E7) -> 2500000
D9: Gói CLEAR | E9: ='Pricing Calculator'!C8 -> 1750000
A10: BUILD | B10: Bộ công cụ Habit Formation & EQ Development - Habit Formation (Habit Tracker): 250.000 - EQ Development (Bộ thẻ EQ Buddy): 250.000 | C10: 2 | D10: 250000 | E10: =C10*D10 -> 500000 | G10: =IF(F10="","",C10*F10)
A11: BUILD | B11: Workshop “Tập thương cảm xúc” - 2 buổi | C11: 2 | D11: 500000 | E11: =C11*D11 -> 1000000 | G11: =IF(F11="","",C11*F11)
A12: BUILD | B12: Phiên coaching 1:1 “Vững vàng chuyển mình" với Chuyên gia khai vấn - 500h, ICF ACC | C12: 3 | D12: 1000000 | E12: =C12*D12 -> 3000000 | G12: =IF(F12="","",C12*F12)
A13: BUILD | B13: Phiên tư vấn hướng nghiệp với Chuyên gia đào tạo và Tư vấn hướng nghiệp | C13: 1 | D13: 1000000 | E13: =C13*D13 -> 1000000 | G13: =IF(F13="","",C13*F13)
A14: BUILD | B14: Tham gia cộng đồng private "Tập thương cảm xúc", online webinar định kỳ hàng quý | C14: 1 | D14: 300000 | E14: =C14*D14 -> 300000 | G14: =IF(F14="","",C14*F14)
B15: (*): Giá bán lẻ phiên coaching: 2.200.000 (~$85) (*) Giá bán lẻ phiên tư vấn hướng nghiệp: 1.500.000 | E15: =SUM(E10:E14) -> 5800000
D16: Gói BUILD | E16: ='Pricing Calculator'!C9 -> 2900000
A17: SHINE | B17: Bộ công cụ Habit Formation & EQ Development - Habit Formation (Habit Tracker): 250.000 - EQ Development (Bộ thẻ EQ Buddy): 250.000 | C17: 2 | D17: 250000 | E17: =C17*D17 -> 500000 | G17: =IF(F17="","",C17*F17)
A18: SHINE | B18: Workshop “Tập thương cảm xúc” - 2 buổi | C18: 2 | D18: 500000 | E18: =C18*D18 -> 1000000 | G18: =IF(F18="","",C18*F18)
A19: SHINE | B19: Phiên coaching 1:1 “Vững vàng chuyển mình" với Chuyên gia khai vấn - 500h, ICF ACC | C19: 6 | D19: 1000000 | E19: =C19*D19 -> 6000000 | G19: =IF(F19="","",C19*F19)
A20: SHINE | B20: Phiên tư vấn hướng nghiệp với Chuyên gia đào tạo và Tư vấn hướng nghiệp | C20: 3 | D20: 1000000 | E20: =C20*D20 -> 3000000 | G20: =IF(F20="","",C20*F20)
A21: SHINE | B21: Tham gia cộng đồng private "Tập thương cảm xúc", online webinar định kỳ hàng quý | C21: 1 | D21: 300000 | E21: =C21*D21 -> 300000 | G21: =IF(F21="","",C21*F21)
B22: (*): Giá bán lẻ phiên coaching: 2.200.000 (~$85) (*) Giá bán lẻ phiên tư vấn hướng nghiệp: 1.500.000 | E22: =SUM(E17:E21) -> 10800000
D23: Gói SHINE | E23: ='Pricing Calculator'!C10 -> 4320000

Sheet Pricing Calculator
A2: GROWTH MIRROR — PRICING CALCULATOR
A3: Thay đổi các ô màu vàng để thử giá bán, chi phí thực hiện, sản lượng và biên lợi nhuận mục tiêu.
A5: Ô nhập liệu | B5: Ô công thức
A7: Gói | B7: Tổng giá trị riêng lẻ | C7: Giá bán hiện tại | D7: Số tiền ưu đãi | E7: % ưu đãi | F7: Chi phí thực hiện/gói | G7: LN gộp/gói | H7: Biên LN gộp | I7: Giá trị / Giá bán
A8: CLEAR | B8: =SUM('Chi tiết 3 gói Growth Mirror'!E5:E7) -> 2500000 | C8: =B8*(100%-E8) -> 1750000 | D8: =B8-C8 -> 750000 | E8: =30% -> 0.3 | F8: =IF(COUNTBLANK('Chi tiết 3 gói Growth Mirror'!F5:F7)>0,"",SUM('Chi tiết 3 gói Growth Mirror'!G5:G7)) | G8: =IF(F8="","",C8-F8) | H8: =IF(G8="","",G8/C8) | I8: =IF(C8=0,0,B8/C8) -> 1.4285714
A9: BUILD | B9: =SUM('Chi tiết 3 gói Growth Mirror'!E10:E14) -> 5800000 | C9: =B9*(100%-E9) -> 2900000 | D9: =B9-C9 -> 2900000 | E9: 0.5 | F9: =IF(COUNTBLANK('Chi tiết 3 gói Growth Mirror'!F10:F14)>0,"",SUM('Chi tiết 3 gói Growth Mirror'!G10:G14)) | G9: =IF(F9="","",C9-F9) | H9: =IF(G9="","",G9/C9) | I9: =IF(C9=0,0,B9/C9) -> 2
A10: SHINE | B10: =SUM('Chi tiết 3 gói Growth Mirror'!E17:E21) -> 10800000 | C10: =B10*(100%-E10) -> 4320000 | D10: =B10-C10 -> 6480000 | E10: 0.6 | F10: =IF(COUNTBLANK('Chi tiết 3 gói Growth Mirror'!F17:F21)>0,"",SUM('Chi tiết 3 gói Growth Mirror'!G17:G21)) | G10: =IF(F10="","",C10-F10) | H10: =IF(G10="","",G10/C10) | I10: =IF(C10=0,0,B10/C10) -> 2.5
